id,label
20000,entailment
20001,contradiction
20002,neutral
20003,entailment
20004,neutral
20005,contradiction
20006,contradiction
20007,neutral
20008,entailment
20009,contradiction
20010,neutral
20011,entailment
20012,entailment
20013,neutral
20014,contradiction
20015,entailment
20016,contradiction
20017,contradiction
20018,contradiction
20019,entailment
20020,neutral
20021,neutral
20022,contradiction
20023,neutral
20024,contradiction
20025,entailment
20026,neutral
20027,contradiction
20028,contradiction
20029,entailment
20030,entailment
20031,neutral
20032,contradiction
20033,contradiction
20034,contradiction
20035,entailment
20036,neutral
20037,contradiction
20038,entailment
20039,entailment
20040,contradiction
20041,contradiction
20042,entailment
20043,contradiction
20044,neutral
20045,entailment
20046,neutral
20047,neutral
20048,contradiction
20049,neutral
20050,contradiction
20051,contradiction
20052,contradiction
20053,entailment
20054,contradiction
20055,entailment
20056,neutral
20057,entailment
20058,contradiction
20059,entailment
20060,entailment
20061,contradiction
20062,neutral
20063,contradiction
20064,entailment
20065,entailment
20066,neutral
20067,entailment
20068,contradiction
20069,entailment
20070,entailment
20071,contradiction
20072,entailment
20073,contradiction
20074,neutral
20075,entailment
20076,neutral
20077,contradiction
20078,contradiction
20079,neutral
20080,entailment
20081,contradiction
20082,contradiction
20083,entailment
20084,entailment
20085,neutral
20086,contradiction
20087,neutral
20088,contradiction
20089,contradiction
20090,neutral
20091,contradiction
20092,entailment
20093,entailment
20094,neutral
20095,contradiction
20096,neutral
20097,entailment
20098,contradiction
20099,contradiction
20100,contradiction
20101,entailment
20102,neutral
20103,neutral
20104,contradiction
20105,contradiction
20106,entailment
20107,entailment
20108,entailment
20109,contradiction
20110,contradiction
20111,neutral
20112,neutral
20113,neutral
20114,entailment
20115,contradiction
20116,entailment
20117,entailment
20118,neutral
20119,entailment
20120,contradiction
20121,entailment
20122,contradiction
20123,neutral
20124,entailment
20125,contradiction
20126,neutral
20127,contradiction
20128,neutral
20129,neutral
20130,entailment
20131,contradiction
20132,contradiction
20133,entailment
20134,neutral
20135,entailment
20136,neutral
20137,entailment
20138,neutral
20139,neutral
20140,neutral
20141,neutral
20142,contradiction
20143,neutral
20144,entailment
20145,entailment
20146,contradiction
20147,neutral
20148,contradiction
20149,entailment
20150,entailment
20151,neutral
20152,contradiction
20153,entailment
20154,entailment
20155,neutral
20156,entailment
20157,contradiction
20158,neutral
20159,neutral
20160,entailment
20161,contradiction
20162,contradiction
20163,neutral
20164,contradiction
20165,contradiction
20166,neutral
20167,entailment
20168,contradiction
20169,entailment
20170,neutral
20171,contradiction
20172,entailment
20173,neutral
20174,neutral
20175,entailment
20176,contradiction
20177,entailment
20178,contradiction
20179,neutral
20180,entailment
20181,entailment
20182,contradiction
20183,neutral
20184,contradiction
20185,entailment
20186,entailment
20187,neutral
20188,neutral
20189,contradiction
20190,entailment
20191,entailment
20192,contradiction
20193,entailment
20194,contradiction
20195,contradiction
20196,entailment
20197,entailment
20198,contradiction
20199,entailment
20200,neutral
20201,contradiction
20202,neutral
20203,entailment
20204,contradiction
20205,entailment
20206,entailment
20207,contradiction
20208,neutral
20209,entailment
20210,contradiction
20211,neutral
20212,contradiction
20213,contradiction
20214,entailment
20215,neutral
20216,entailment
20217,neutral
20218,contradiction
20219,contradiction
20220,entailment
20221,contradiction
20222,neutral
20223,neutral
20224,entailment
20225,entailment
20226,entailment
20227,contradiction
20228,entailment
20229,neutral
20230,contradiction
20231,entailment
20232,contradiction
20233,contradiction
20234,contradiction
20235,neutral
20236,entailment
20237,neutral
20238,neutral
20239,neutral
20240,neutral
20241,entailment
20242,contradiction
20243,entailment
20244,contradiction
20245,neutral
20246,contradiction
20247,contradiction
20248,entailment
20249,entailment
20250,neutral
20251,neutral
20252,neutral
20253,entailment
20254,contradiction
20255,neutral
20256,entailment
20257,contradiction
20258,neutral
20259,entailment
20260,contradiction
20261,contradiction
20262,entailment
20263,neutral
20264,contradiction
20265,neutral
20266,entailment
20267,entailment
20268,contradiction
20269,neutral
20270,entailment
20271,contradiction
20272,neutral
20273,contradiction
20274,entailment
20275,neutral
20276,neutral
20277,entailment
20278,entailment
20279,neutral
20280,contradiction
20281,entailment
20282,contradiction
20283,neutral
20284,entailment
20285,entailment
20286,neutral
20287,contradiction
20288,neutral
20289,entailment
20290,contradiction
20291,contradiction
20292,neutral
20293,entailment
20294,neutral
20295,contradiction
20296,entailment
20297,entailment
20298,entailment
20299,contradiction
20300,entailment
20301,neutral
20302,neutral
20303,entailment
20304,entailment
20305,neutral
20306,contradiction
20307,neutral
20308,contradiction
20309,neutral
20310,entailment
20311,contradiction
20312,contradiction
20313,neutral
20314,entailment
20315,neutral
20316,contradiction
20317,entailment
20318,contradiction
20319,entailment
20320,neutral
20321,contradiction
20322,neutral
20323,entailment
20324,neutral
20325,contradiction
20326,entailment
20327,entailment
20328,contradiction
20329,neutral
20330,entailment
20331,neutral
20332,neutral
20333,entailment
20334,contradiction
20335,neutral
20336,contradiction
20337,entailment
20338,neutral
20339,contradiction
20340,neutral
20341,entailment
20342,entailment
20343,entailment
20344,neutral
20345,entailment
20346,contradiction
20347,contradiction
20348,contradiction
20349,neutral
20350,neutral
20351,neutral
20352,entailment
20353,contradiction
20354,entailment
20355,neutral
20356,contradiction
20357,entailment
20358,contradiction
20359,entailment
20360,entailment
20361,neutral
20362,contradiction
20363,contradiction
20364,contradiction
20365,entailment
20366,entailment
20367,contradiction
20368,contradiction
20369,neutral
20370,entailment
20371,neutral
20372,neutral
20373,neutral
20374,contradiction
20375,neutral
20376,neutral
20377,neutral
20378,entailment
20379,neutral
20380,contradiction
20381,neutral
20382,entailment
20383,contradiction
20384,neutral
20385,neutral
20386,contradiction
20387,entailment
20388,neutral
20389,contradiction
20390,entailment
20391,contradiction
20392,neutral
20393,entailment
20394,contradiction
20395,neutral
20396,entailment
20397,entailment
20398,neutral
20399,entailment
20400,neutral
20401,contradiction
20402,contradiction
20403,neutral
20404,entailment
20405,contradiction
20406,entailment
20407,neutral
20408,neutral
20409,contradiction
20410,entailment
20411,entailment
20412,neutral
20413,contradiction
20414,contradiction
20415,neutral
20416,contradiction
20417,neutral
20418,contradiction
20419,contradiction
20420,contradiction
20421,neutral
20422,entailment
20423,contradiction
20424,neutral
20425,entailment
20426,neutral
20427,entailment
20428,contradiction
20429,entailment
20430,contradiction
20431,neutral
20432,neutral
20433,entailment
20434,contradiction
20435,contradiction
20436,neutral
20437,entailment
20438,contradiction
20439,entailment
20440,neutral
20441,entailment
20442,contradiction
20443,neutral
20444,contradiction
20445,neutral
20446,entailment
20447,entailment
20448,neutral
20449,neutral
20450,neutral
20451,contradiction
20452,neutral
20453,contradiction
20454,entailment
20455,entailment
20456,contradiction
20457,entailment
20458,entailment
20459,entailment
20460,contradiction
20461,neutral
20462,neutral
20463,neutral
20464,neutral
20465,contradiction
20466,entailment
20467,entailment
20468,contradiction
20469,neutral
20470,entailment
20471,neutral
20472,contradiction
20473,entailment
20474,contradiction
20475,contradiction
20476,contradiction
20477,contradiction
20478,entailment
20479,contradiction
20480,entailment
20481,neutral
20482,neutral
20483,entailment
20484,entailment
20485,entailment
20486,contradiction
20487,neutral
20488,neutral
20489,entailment
20490,contradiction
20491,contradiction
20492,neutral
20493,entailment
20494,entailment
20495,contradiction
20496,entailment
20497,neutral
20498,contradiction
20499,contradiction
20500,entailment
20501,neutral
20502,contradiction
20503,contradiction
20504,entailment
20505,contradiction
20506,entailment
20507,neutral
20508,neutral
20509,neutral
20510,contradiction
20511,entailment
20512,entailment
20513,neutral
20514,contradiction
20515,entailment
20516,neutral
20517,neutral
20518,contradiction
20519,entailment
20520,neutral
20521,neutral
20522,entailment
20523,contradiction
20524,entailment
20525,neutral
20526,contradiction
20527,neutral
20528,neutral
20529,contradiction
20530,entailment
20531,contradiction
20532,neutral
20533,entailment
20534,neutral
20535,contradiction
20536,contradiction
20537,neutral
20538,entailment
20539,contradiction
20540,entailment
20541,neutral
20542,contradiction
20543,entailment
20544,neutral
20545,neutral
20546,entailment
20547,contradiction
20548,contradiction
20549,neutral
20550,entailment
20551,contradiction
20552,entailment
20553,neutral
20554,entailment
20555,contradiction
20556,neutral
20557,entailment
20558,neutral
20559,neutral
20560,neutral
20561,contradiction
20562,entailment
20563,contradiction
20564,entailment
20565,neutral
20566,contradiction
20567,neutral
20568,entailment
20569,contradiction
20570,neutral
20571,contradiction
20572,contradiction
20573,entailment
20574,entailment
20575,contradiction
20576,entailment
20577,neutral
20578,neutral
20579,neutral
20580,contradiction
20581,entailment
20582,contradiction
20583,entailment
20584,contradiction
20585,entailment
20586,neutral
20587,entailment
20588,neutral
20589,entailment
20590,entailment
20591,contradiction
20592,neutral
20593,contradiction
20594,contradiction
20595,contradiction
20596,entailment
20597,entailment
20598,neutral
20599,neutral
20600,contradiction
20601,neutral
20602,neutral
20603,entailment
20604,entailment
20605,neutral
20606,contradiction
20607,neutral
20608,neutral
20609,entailment
20610,contradiction
20611,contradiction
20612,contradiction
20613,neutral
20614,contradiction
20615,entailment
20616,entailment
20617,contradiction
20618,entailment
20619,neutral
20620,entailment
20621,neutral
20622,contradiction
20623,neutral
20624,entailment
20625,contradiction
20626,contradiction
20627,entailment
20628,neutral
20629,contradiction
20630,entailment
20631,neutral
20632,entailment
20633,contradiction
20634,neutral
20635,contradiction
20636,neutral
20637,entailment
20638,contradiction
20639,entailment
20640,neutral
20641,contradiction
20642,entailment
20643,neutral
20644,neutral
20645,contradiction
20646,entailment
20647,contradiction
20648,neutral
20649,entailment
20650,entailment
20651,neutral
20652,contradiction
20653,contradiction
20654,entailment
20655,neutral
20656,contradiction
20657,contradiction
20658,neutral
20659,contradiction
20660,neutral
20661,entailment
20662,contradiction
20663,contradiction
20664,neutral
20665,entailment
20666,contradiction
20667,neutral
20668,contradiction
20669,entailment
20670,neutral
20671,entailment
20672,contradiction
20673,neutral
20674,entailment
20675,contradiction
20676,neutral
20677,contradiction
20678,entailment
20679,neutral
20680,entailment
20681,contradiction
20682,neutral
20683,contradiction
20684,neutral
20685,neutral
20686,contradiction
20687,entailment
20688,neutral
20689,neutral
20690,contradiction
20691,contradiction
20692,neutral
20693,neutral
20694,neutral
20695,entailment
20696,contradiction
20697,entailment
20698,contradiction
20699,contradiction
20700,contradiction
20701,contradiction
20702,neutral
20703,entailment
20704,entailment
20705,neutral
20706,contradiction
20707,neutral
20708,entailment
20709,contradiction
20710,contradiction
20711,entailment
20712,neutral
20713,neutral
20714,neutral
20715,neutral
20716,entailment
20717,contradiction
20718,neutral
20719,entailment
20720,neutral
20721,contradiction
20722,entailment
20723,contradiction
20724,neutral
20725,contradiction
20726,contradiction
20727,entailment
20728,contradiction
20729,neutral
20730,entailment
20731,entailment
20732,contradiction
20733,neutral
20734,contradiction
20735,neutral
20736,neutral
20737,entailment
20738,neutral
20739,contradiction
20740,contradiction
20741,entailment
20742,neutral
20743,contradiction
20744,entailment
20745,neutral
20746,entailment
20747,entailment
20748,contradiction
20749,entailment
20750,contradiction
20751,contradiction
20752,contradiction
20753,neutral
20754,entailment
20755,neutral
20756,neutral
20757,entailment
20758,entailment
20759,neutral
20760,contradiction
20761,contradiction
20762,neutral
20763,entailment
20764,neutral
20765,entailment
20766,contradiction
20767,entailment
20768,entailment
20769,contradiction
20770,contradiction
20771,entailment
20772,neutral
20773,entailment
20774,contradiction
20775,neutral
20776,neutral
20777,neutral
20778,contradiction
20779,entailment
20780,neutral
20781,contradiction
20782,contradiction
20783,contradiction
20784,contradiction
20785,neutral
20786,entailment
20787,entailment
20788,contradiction
20789,entailment
20790,entailment
20791,neutral
20792,entailment
20793,neutral
20794,entailment
20795,contradiction
20796,neutral
20797,contradiction
20798,contradiction
20799,contradiction
20800,neutral
20801,neutral
20802,neutral
20803,entailment
20804,contradiction
20805,entailment
20806,entailment
20807,contradiction
20808,neutral
20809,contradiction
20810,neutral
20811,contradiction
20812,entailment
20813,contradiction
20814,contradiction
20815,neutral
20816,neutral
20817,entailment
20818,contradiction
20819,neutral
20820,entailment
20821,contradiction
20822,neutral
20823,entailment
20824,contradiction
20825,neutral
20826,neutral
20827,neutral
20828,entailment
20829,contradiction
20830,entailment
20831,contradiction
20832,entailment
20833,entailment
20834,neutral
20835,contradiction
20836,entailment
20837,contradiction
20838,neutral
20839,neutral
20840,contradiction
20841,entailment
20842,neutral
20843,contradiction
20844,entailment
20845,entailment
20846,contradiction
20847,neutral
20848,contradiction
20849,entailment
20850,neutral
20851,entailment
20852,contradiction
20853,neutral
20854,entailment
20855,contradiction
20856,entailment
20857,neutral
20858,neutral
20859,contradiction
20860,entailment
20861,neutral
20862,contradiction
20863,entailment
20864,contradiction
20865,entailment
20866,neutral
20867,entailment
20868,contradiction
20869,neutral
20870,contradiction
20871,entailment
20872,entailment
20873,contradiction
20874,neutral
20875,entailment
20876,contradiction
20877,neutral
20878,neutral
20879,entailment
20880,neutral
20881,entailment
20882,neutral
20883,contradiction
20884,entailment
20885,contradiction
20886,contradiction
20887,neutral
20888,neutral
20889,neutral
20890,entailment
20891,neutral
20892,contradiction
20893,entailment
20894,neutral
20895,contradiction
20896,contradiction
20897,entailment
20898,contradiction
20899,entailment
20900,neutral
20901,entailment
20902,neutral
20903,contradiction
20904,entailment
20905,contradiction
20906,contradiction
20907,entailment
20908,neutral
20909,contradiction
20910,entailment
20911,contradiction
20912,neutral
20913,entailment
20914,neutral
20915,neutral
20916,neutral
20917,neutral
20918,neutral
20919,contradiction
20920,entailment
20921,contradiction
20922,neutral
20923,entailment
20924,contradiction
20925,entailment
20926,contradiction
20927,entailment
20928,neutral
20929,contradiction
20930,contradiction
20931,contradiction
20932,entailment
20933,contradiction
20934,entailment
20935,neutral
20936,contradiction
20937,entailment
20938,entailment
20939,neutral
20940,contradiction
20941,entailment
20942,neutral
20943,contradiction
20944,entailment
20945,neutral
20946,contradiction
20947,contradiction
20948,neutral
20949,entailment
20950,contradiction
20951,entailment
20952,entailment
20953,entailment
20954,contradiction
20955,entailment
20956,neutral
20957,entailment
20958,contradiction
20959,contradiction
20960,entailment
20961,entailment
20962,contradiction
20963,entailment
20964,neutral
20965,neutral
20966,contradiction
20967,entailment
20968,neutral
20969,entailment
20970,contradiction
20971,entailment
20972,neutral
20973,entailment
20974,contradiction
20975,neutral
20976,entailment
20977,neutral
20978,contradiction
20979,entailment
20980,contradiction
20981,entailment
20982,entailment
20983,contradiction
20984,neutral
20985,entailment
20986,neutral
20987,contradiction
20988,entailment
20989,contradiction
20990,neutral
20991,entailment
20992,contradiction
20993,entailment
20994,contradiction
20995,contradiction
20996,neutral
20997,entailment
20998,neutral
20999,entailment
21000,contradiction
21001,contradiction
21002,entailment
21003,neutral
21004,neutral
21005,contradiction
21006,entailment
21007,neutral
21008,contradiction
21009,entailment
21010,neutral
21011,contradiction
21012,entailment
21013,entailment
21014,entailment
21015,contradiction
21016,neutral
21017,contradiction
21018,neutral
21019,neutral
21020,entailment
21021,contradiction
21022,neutral
21023,entailment
21024,contradiction
21025,entailment
21026,contradiction
21027,neutral
21028,neutral
21029,contradiction
21030,neutral
21031,neutral
21032,entailment
21033,contradiction
21034,neutral
21035,neutral
21036,entailment
21037,entailment
21038,neutral
21039,contradiction
21040,contradiction
21041,neutral
21042,entailment
21043,entailment
21044,contradiction
21045,entailment
21046,entailment
21047,neutral
21048,contradiction
21049,contradiction
21050,neutral
21051,entailment
21052,neutral
21053,contradiction
21054,neutral
21055,neutral
21056,contradiction
21057,entailment
21058,neutral
21059,contradiction
21060,neutral
21061,neutral
21062,contradiction
21063,entailment
21064,entailment
21065,neutral
21066,contradiction
21067,entailment
21068,neutral
21069,neutral
21070,contradiction
21071,entailment
21072,neutral
21073,entailment
21074,contradiction
21075,entailment
21076,neutral
21077,entailment
21078,contradiction
21079,neutral
21080,entailment
21081,entailment
21082,contradiction
21083,neutral
21084,entailment
21085,neutral
21086,entailment
21087,contradiction
21088,contradiction
21089,entailment
21090,entailment
21091,contradiction
21092,entailment
21093,neutral
21094,entailment
21095,entailment
21096,neutral
21097,neutral
21098,entailment
21099,contradiction
21100,neutral
21101,entailment
21102,contradiction
21103,entailment
21104,neutral
21105,contradiction
21106,entailment
21107,contradiction
21108,entailment
21109,neutral
21110,contradiction
21111,neutral
21112,entailment
21113,entailment
21114,contradiction
21115,contradiction
21116,entailment
21117,contradiction
21118,neutral
21119,entailment
21120,contradiction
21121,contradiction
21122,contradiction
21123,entailment
21124,contradiction
21125,entailment
21126,neutral
21127,neutral
21128,contradiction
21129,entailment
21130,entailment
21131,contradiction
21132,entailment
21133,entailment
21134,neutral
21135,contradiction
21136,neutral
21137,entailment
21138,contradiction
21139,entailment
21140,contradiction
21141,neutral
21142,neutral
21143,neutral
21144,contradiction
21145,neutral
21146,neutral
21147,contradiction
21148,entailment
21149,neutral
21150,entailment
21151,entailment
21152,contradiction
21153,entailment
21154,neutral
21155,entailment
21156,contradiction
21157,neutral
21158,contradiction
21159,neutral
21160,neutral
21161,contradiction
21162,entailment
21163,entailment
21164,contradiction
21165,contradiction
21166,contradiction
21167,entailment
21168,contradiction
21169,entailment
21170,contradiction
21171,neutral
21172,entailment
21173,contradiction
21174,neutral
21175,contradiction
21176,neutral
21177,neutral
21178,entailment
21179,contradiction
21180,neutral
21181,entailment
21182,neutral
21183,contradiction
21184,entailment
21185,contradiction
21186,neutral
21187,entailment
21188,contradiction
21189,neutral
21190,contradiction
21191,neutral
21192,entailment
21193,neutral
21194,contradiction
21195,entailment
21196,contradiction
21197,neutral
21198,neutral
21199,neutral
21200,entailment
21201,contradiction
21202,contradiction
21203,entailment
21204,neutral
21205,entailment
21206,neutral
21207,neutral
21208,entailment
21209,neutral
21210,contradiction
21211,neutral
21212,entailment
21213,contradiction
21214,entailment
21215,contradiction
21216,neutral
21217,neutral
21218,contradiction
21219,entailment
21220,contradiction
21221,entailment
21222,contradiction
21223,contradiction
21224,neutral
21225,entailment
21226,entailment
21227,contradiction
21228,neutral
21229,entailment
21230,contradiction
21231,neutral
21232,neutral
21233,contradiction
21234,entailment
21235,neutral
21236,contradiction
21237,entailment
21238,entailment
21239,entailment
21240,contradiction
21241,entailment
21242,neutral
21243,contradiction
21244,contradiction
21245,entailment
21246,entailment
21247,contradiction
21248,contradiction
21249,neutral
21250,neutral
21251,neutral
21252,contradiction
21253,contradiction
21254,entailment
21255,neutral
21256,neutral
21257,entailment
21258,neutral
21259,entailment
21260,contradiction
21261,entailment
21262,entailment
21263,contradiction
21264,neutral
21265,neutral
21266,entailment
21267,contradiction
21268,contradiction
21269,neutral
21270,entailment
21271,contradiction
21272,entailment
21273,neutral
21274,neutral
21275,contradiction
21276,entailment
21277,entailment
21278,entailment
21279,contradiction
21280,contradiction
21281,contradiction
21282,entailment
21283,neutral
21284,contradiction
21285,entailment
21286,entailment
21287,entailment
21288,neutral
21289,entailment
21290,neutral
21291,contradiction
21292,contradiction
21293,entailment
21294,neutral
21295,neutral
21296,neutral
21297,contradiction
21298,contradiction
21299,entailment
21300,neutral
21301,contradiction
21302,entailment
21303,entailment
21304,neutral
21305,neutral
21306,contradiction
21307,neutral
21308,entailment
21309,entailment
21310,contradiction
21311,neutral
21312,entailment
21313,neutral
21314,neutral
21315,neutral
21316,entailment
21317,neutral
21318,neutral
21319,contradiction
21320,entailment
21321,contradiction
21322,neutral
21323,entailment
21324,entailment
21325,neutral
21326,contradiction
21327,neutral
21328,neutral
21329,contradiction
21330,entailment
21331,neutral
21332,contradiction
21333,entailment
21334,neutral
21335,contradiction
21336,neutral
21337,neutral
21338,neutral
21339,contradiction
21340,entailment
21341,entailment
21342,neutral
21343,entailment
21344,contradiction
21345,entailment
21346,neutral
21347,neutral
21348,neutral
21349,contradiction
21350,entailment
21351,entailment
21352,contradiction
21353,neutral
21354,contradiction
21355,entailment
21356,entailment
21357,neutral
21358,contradiction
21359,entailment
21360,entailment
21361,neutral
21362,contradiction
21363,contradiction
21364,contradiction
21365,contradiction
21366,entailment
21367,neutral
21368,contradiction
21369,contradiction
21370,entailment
21371,neutral
21372,neutral
21373,contradiction
21374,entailment
21375,contradiction
21376,entailment
21377,neutral
21378,entailment
21379,neutral
21380,neutral
21381,entailment
21382,neutral
21383,neutral
21384,contradiction
21385,neutral
21386,entailment
21387,entailment
21388,contradiction
21389,entailment
21390,contradiction
21391,neutral
21392,entailment
21393,contradiction
21394,neutral
21395,contradiction
21396,neutral
21397,entailment
21398,contradiction
21399,neutral
21400,entailment
21401,contradiction
21402,entailment
21403,neutral
21404,contradiction
21405,contradiction
21406,entailment
21407,entailment
21408,contradiction
21409,neutral
21410,contradiction
21411,neutral
21412,entailment
21413,entailment
21414,contradiction
21415,neutral
21416,contradiction
21417,entailment
21418,entailment
21419,entailment
21420,contradiction
21421,entailment
21422,entailment
21423,entailment
21424,neutral
21425,entailment
21426,contradiction
21427,entailment
21428,neutral
21429,entailment
21430,contradiction
21431,contradiction
21432,neutral
21433,entailment
21434,contradiction
21435,neutral
21436,entailment
21437,entailment
21438,entailment
21439,contradiction
21440,entailment
21441,contradiction
21442,neutral
21443,contradiction
21444,contradiction
21445,entailment
21446,entailment
21447,neutral
21448,entailment
21449,contradiction
21450,entailment
21451,contradiction
21452,neutral
21453,contradiction
21454,neutral
21455,entailment
21456,entailment
21457,entailment
21458,entailment
21459,neutral
21460,entailment
21461,neutral
21462,contradiction
21463,entailment
21464,entailment
21465,entailment
21466,entailment
21467,contradiction
21468,neutral
21469,entailment
21470,neutral
21471,neutral
21472,entailment
21473,contradiction
21474,entailment
21475,contradiction
21476,entailment
21477,contradiction
21478,entailment
21479,neutral
21480,entailment
21481,contradiction
21482,neutral
21483,entailment
21484,contradiction
21485,neutral
21486,contradiction
21487,entailment
21488,contradiction
21489,entailment
21490,neutral
21491,contradiction
21492,neutral
21493,contradiction
21494,contradiction
21495,entailment
21496,neutral
21497,entailment
21498,neutral
21499,entailment
21500,contradiction
21501,contradiction
21502,neutral
21503,entailment
21504,entailment
21505,contradiction
21506,entailment
21507,neutral
21508,entailment
21509,neutral
21510,neutral
21511,neutral
21512,entailment
21513,contradiction
21514,entailment
21515,neutral
21516,contradiction
21517,neutral
21518,contradiction
21519,neutral
21520,entailment
21521,contradiction
21522,contradiction
21523,entailment
21524,entailment
21525,neutral
21526,contradiction
21527,neutral
21528,entailment
21529,contradiction
21530,contradiction
21531,neutral
21532,entailment
21533,neutral
21534,entailment
21535,entailment
21536,entailment
21537,contradiction
21538,contradiction
21539,entailment
21540,contradiction
21541,entailment
21542,neutral
21543,contradiction
21544,neutral
21545,neutral
21546,entailment
21547,neutral
21548,entailment
21549,contradiction
21550,neutral
21551,neutral
21552,contradiction
21553,entailment
21554,contradiction
21555,neutral
21556,contradiction
21557,contradiction
21558,entailment
21559,neutral
21560,neutral
21561,entailment
21562,contradiction
21563,contradiction
21564,neutral
21565,entailment
21566,entailment
21567,neutral
21568,contradiction
21569,contradiction
21570,neutral
21571,entailment
21572,entailment
21573,contradiction
21574,entailment
21575,entailment
21576,contradiction
21577,neutral
21578,contradiction
21579,neutral
21580,entailment
21581,contradiction
21582,neutral
21583,neutral
21584,neutral
21585,neutral
21586,contradiction
21587,contradiction
21588,neutral
21589,entailment
21590,neutral
21591,contradiction
21592,entailment
21593,entailment
21594,contradiction
21595,entailment
21596,neutral
21597,contradiction
21598,neutral
21599,entailment
21600,neutral
21601,neutral
21602,entailment
21603,contradiction
21604,neutral
21605,entailment
21606,contradiction
21607,neutral
21608,neutral
21609,contradiction
21610,entailment
21611,contradiction
21612,contradiction
21613,entailment
21614,contradiction
21615,neutral
21616,entailment
21617,contradiction
21618,neutral
21619,entailment
21620,entailment
21621,neutral
21622,contradiction
21623,neutral
21624,entailment
21625,contradiction
21626,contradiction
21627,neutral
21628,entailment
21629,entailment
21630,contradiction
21631,contradiction
21632,entailment
21633,neutral
21634,contradiction
21635,entailment
21636,contradiction
21637,neutral
21638,entailment
21639,contradiction
21640,entailment
21641,neutral
21642,entailment
21643,neutral
21644,neutral
21645,entailment
21646,neutral
21647,entailment
21648,contradiction
21649,neutral
21650,entailment
21651,neutral
21652,contradiction
21653,contradiction
21654,neutral
21655,contradiction
21656,entailment
21657,contradiction
21658,neutral
21659,entailment
21660,contradiction
21661,entailment
21662,entailment
21663,neutral
21664,contradiction
21665,neutral
21666,contradiction
21667,neutral
21668,entailment
21669,neutral
21670,neutral
21671,entailment
21672,neutral
21673,contradiction
21674,neutral
21675,neutral
21676,contradiction
21677,entailment
21678,neutral
21679,contradiction
21680,contradiction
21681,entailment
21682,neutral
21683,contradiction
21684,contradiction
21685,neutral
21686,contradiction
21687,contradiction
21688,entailment
21689,entailment
21690,neutral
21691,neutral
21692,neutral
21693,contradiction
21694,entailment
21695,entailment
21696,contradiction
21697,neutral
21698,contradiction
21699,entailment
21700,neutral
21701,entailment
21702,contradiction
21703,entailment
21704,neutral
21705,entailment
21706,contradiction
21707,contradiction
21708,entailment
21709,neutral
21710,contradiction
21711,neutral
21712,entailment
21713,neutral
21714,neutral
21715,contradiction
21716,contradiction
21717,neutral
21718,neutral
21719,contradiction
21720,entailment
21721,entailment
21722,contradiction
21723,neutral
21724,neutral
21725,neutral
21726,entailment
21727,entailment
21728,contradiction
21729,neutral
21730,entailment
21731,neutral
21732,neutral
21733,contradiction
21734,neutral
21735,entailment
21736,contradiction
21737,contradiction
21738,entailment
21739,neutral
21740,contradiction
21741,neutral
21742,entailment
21743,contradiction
21744,entailment
21745,neutral
21746,neutral
21747,entailment
21748,contradiction
21749,neutral
21750,neutral
21751,entailment
21752,neutral
21753,entailment
21754,contradiction
21755,entailment
21756,contradiction
21757,neutral
21758,contradiction
21759,entailment
21760,neutral
21761,contradiction
21762,entailment
21763,neutral
21764,entailment
21765,contradiction
21766,neutral
21767,entailment
21768,contradiction
21769,contradiction
21770,neutral
21771,neutral
21772,entailment
21773,contradiction
21774,contradiction
21775,entailment
21776,neutral
21777,entailment
21778,neutral
21779,neutral
21780,entailment
21781,contradiction
21782,entailment
21783,contradiction
21784,entailment
21785,neutral
21786,contradiction
21787,entailment
21788,entailment
21789,contradiction
21790,contradiction
21791,entailment
21792,contradiction
21793,neutral
21794,entailment
21795,neutral
21796,entailment
21797,contradiction
21798,entailment
21799,neutral
21800,contradiction
21801,contradiction
21802,contradiction
21803,entailment
21804,entailment
21805,contradiction
21806,entailment
21807,entailment
21808,contradiction
21809,neutral
21810,entailment
21811,entailment
21812,entailment
21813,neutral
21814,entailment
21815,entailment
21816,contradiction
21817,neutral
21818,entailment
21819,entailment
21820,neutral
21821,contradiction
21822,neutral
21823,entailment
21824,neutral
21825,contradiction
21826,contradiction
21827,contradiction
21828,neutral
21829,neutral
21830,contradiction
21831,contradiction
21832,contradiction
21833,neutral
21834,entailment
21835,contradiction
21836,contradiction
21837,contradiction
21838,entailment
21839,contradiction
21840,neutral
21841,neutral
21842,neutral
21843,neutral
21844,contradiction
21845,entailment
21846,entailment
21847,entailment
21848,contradiction
21849,neutral
21850,contradiction
21851,neutral
21852,entailment
21853,neutral
21854,contradiction
21855,neutral
21856,neutral
21857,contradiction
21858,entailment
21859,contradiction
21860,entailment
21861,contradiction
21862,neutral
21863,contradiction
21864,entailment
21865,neutral
21866,contradiction
21867,entailment
21868,neutral
21869,contradiction
21870,neutral
21871,contradiction
21872,neutral
21873,entailment
21874,neutral
21875,entailment
21876,contradiction
21877,contradiction
21878,entailment
21879,neutral
21880,entailment
21881,neutral
21882,entailment
21883,neutral
21884,contradiction
21885,entailment
21886,entailment
21887,contradiction
21888,contradiction
21889,contradiction
21890,neutral
21891,neutral
21892,entailment
21893,neutral
21894,neutral
21895,neutral
21896,entailment
21897,contradiction
21898,neutral
21899,entailment
21900,neutral
21901,entailment
21902,contradiction
21903,neutral
21904,neutral
21905,contradiction
21906,neutral
21907,entailment
21908,neutral
21909,contradiction
21910,contradiction
21911,neutral
21912,entailment
21913,contradiction
21914,entailment
21915,neutral
21916,entailment
21917,contradiction
21918,neutral
21919,neutral
21920,entailment
21921,contradiction
21922,neutral
21923,neutral
21924,entailment
21925,neutral
21926,entailment
21927,contradiction
21928,neutral
21929,contradiction
21930,entailment
21931,neutral
21932,neutral
21933,contradiction
21934,neutral
21935,entailment
21936,contradiction
21937,neutral
21938,contradiction
21939,entailment
21940,neutral
21941,entailment
21942,contradiction
21943,neutral
21944,entailment
21945,neutral
21946,contradiction
21947,neutral
21948,entailment
21949,contradiction
21950,entailment
21951,entailment
21952,neutral
21953,neutral
21954,entailment
21955,contradiction
21956,contradiction
21957,entailment
21958,entailment
21959,entailment
21960,contradiction
21961,neutral
21962,entailment
21963,contradiction
21964,neutral
21965,neutral
21966,entailment
21967,contradiction
21968,neutral
21969,contradiction
21970,contradiction
21971,contradiction
21972,entailment
21973,entailment
21974,neutral
21975,neutral
21976,entailment
21977,contradiction
21978,neutral
21979,neutral
21980,entailment
21981,contradiction
21982,entailment
21983,contradiction
21984,neutral
21985,entailment
21986,neutral
21987,contradiction
21988,entailment
21989,neutral
21990,contradiction
21991,neutral
21992,neutral
21993,contradiction
21994,neutral
21995,neutral
21996,entailment
21997,entailment
21998,neutral
21999,entailment
22000,contradiction
22001,neutral
22002,contradiction
22003,contradiction
22004,neutral
22005,contradiction
22006,contradiction
22007,entailment
22008,neutral
22009,contradiction
22010,neutral
22011,entailment
22012,entailment
22013,contradiction
22014,neutral
22015,neutral
22016,entailment
22017,contradiction
22018,neutral
22019,contradiction
22020,entailment
22021,neutral
22022,entailment
22023,contradiction
22024,contradiction
22025,neutral
22026,entailment
22027,contradiction
22028,entailment
22029,neutral
22030,entailment
22031,entailment
22032,neutral
22033,neutral
22034,neutral
22035,contradiction
22036,contradiction
22037,neutral
22038,entailment
22039,entailment
22040,contradiction
22041,contradiction
22042,neutral
22043,entailment
22044,neutral
22045,entailment
22046,contradiction
22047,contradiction
22048,entailment
22049,neutral
22050,contradiction
22051,entailment
22052,neutral
22053,contradiction
22054,contradiction
22055,neutral
22056,neutral
22057,neutral
22058,entailment
22059,entailment
22060,contradiction
22061,entailment
22062,contradiction
22063,neutral
22064,contradiction
22065,neutral
22066,entailment
22067,entailment
22068,entailment
22069,contradiction
22070,neutral
22071,neutral
22072,contradiction
22073,neutral
22074,entailment
22075,neutral
22076,contradiction
22077,contradiction
22078,entailment
22079,entailment
22080,entailment
22081,neutral
22082,contradiction
22083,contradiction
22084,entailment
22085,contradiction
22086,neutral
22087,entailment
22088,entailment
22089,entailment
22090,neutral
22091,entailment
22092,neutral
22093,entailment
22094,entailment
22095,entailment
22096,entailment
22097,neutral
22098,neutral
22099,entailment
22100,contradiction
22101,entailment
22102,entailment
22103,entailment
22104,neutral
22105,contradiction
22106,entailment
22107,entailment
22108,neutral
22109,neutral
22110,entailment
22111,contradiction
22112,entailment
22113,contradiction
22114,neutral
22115,entailment
22116,entailment
22117,neutral
22118,contradiction
22119,contradiction
22120,entailment
22121,entailment
22122,entailment
22123,contradiction
22124,neutral
22125,contradiction
22126,entailment
22127,entailment
22128,entailment
22129,neutral
22130,contradiction
22131,neutral
22132,contradiction
22133,entailment
22134,contradiction
22135,neutral
22136,entailment
22137,contradiction
22138,neutral
22139,entailment
22140,neutral
22141,entailment
22142,contradiction
22143,contradiction
22144,entailment
22145,entailment
22146,neutral
22147,entailment
22148,contradiction
22149,entailment
22150,entailment
22151,contradiction
22152,contradiction
22153,neutral
22154,entailment
22155,contradiction
22156,entailment
22157,entailment
22158,contradiction
22159,contradiction
22160,entailment
22161,neutral
22162,contradiction
22163,entailment
22164,entailment
22165,contradiction
22166,neutral
22167,contradiction
22168,neutral
22169,entailment
22170,entailment
22171,neutral
22172,contradiction
22173,entailment
22174,contradiction
22175,neutral
22176,contradiction
22177,entailment
22178,neutral
22179,entailment
22180,contradiction
22181,neutral
22182,contradiction
22183,neutral
22184,entailment
22185,entailment
22186,entailment
22187,neutral
22188,neutral
22189,neutral
22190,contradiction
22191,entailment
22192,neutral
22193,neutral
22194,entailment
22195,contradiction
22196,entailment
22197,neutral
22198,contradiction
22199,contradiction
22200,neutral
22201,entailment
22202,contradiction
22203,neutral
22204,contradiction
22205,entailment
22206,contradiction
22207,entailment
22208,neutral
22209,contradiction
22210,neutral
22211,entailment
22212,neutral
22213,contradiction
22214,entailment
22215,entailment
22216,contradiction
22217,neutral
22218,neutral
22219,entailment
22220,contradiction
22221,entailment
22222,contradiction
22223,neutral
22224,contradiction
22225,neutral
22226,entailment
22227,contradiction
22228,neutral
22229,contradiction
22230,contradiction
22231,neutral
22232,entailment
22233,contradiction
22234,neutral
22235,entailment
22236,neutral
22237,entailment
22238,contradiction
22239,contradiction
22240,neutral
22241,entailment
22242,entailment
22243,contradiction
22244,neutral
22245,contradiction
22246,neutral
22247,entailment
22248,contradiction
22249,entailment
22250,neutral
22251,contradiction
22252,entailment
22253,neutral
22254,neutral
22255,entailment
22256,contradiction
22257,entailment
22258,neutral
22259,contradiction
22260,entailment
22261,entailment
22262,contradiction
22263,contradiction
22264,entailment
22265,entailment
22266,entailment
22267,neutral
22268,neutral
22269,contradiction
22270,entailment
22271,entailment
22272,entailment
22273,neutral
22274,contradiction
22275,neutral
22276,contradiction
22277,entailment
22278,contradiction
22279,entailment
22280,neutral
22281,entailment
22282,contradiction
22283,neutral
22284,neutral
22285,entailment
22286,contradiction
22287,entailment
22288,neutral
22289,contradiction
22290,entailment
22291,entailment
22292,neutral
22293,entailment
22294,entailment
22295,contradiction
22296,contradiction
22297,neutral
22298,entailment
22299,neutral
22300,contradiction
22301,entailment
22302,contradiction
22303,neutral
22304,entailment
22305,neutral
22306,entailment
22307,contradiction
22308,contradiction
22309,entailment
22310,neutral
22311,neutral
22312,entailment
22313,contradiction
22314,neutral
22315,entailment
22316,neutral
22317,entailment
22318,contradiction
22319,entailment
22320,entailment
22321,entailment
22322,contradiction
22323,contradiction
22324,entailment
22325,entailment
22326,neutral
22327,contradiction
22328,contradiction
22329,neutral
22330,entailment
22331,neutral
22332,neutral
22333,contradiction
22334,entailment
22335,contradiction
22336,neutral
22337,entailment
22338,entailment
22339,contradiction
22340,contradiction
22341,neutral
22342,entailment
22343,neutral
22344,contradiction
22345,entailment
22346,contradiction
22347,entailment
22348,neutral
22349,neutral
22350,neutral
22351,entailment
22352,contradiction
22353,entailment
22354,neutral
22355,contradiction
22356,entailment
22357,contradiction
22358,neutral
22359,contradiction
22360,neutral
22361,contradiction
22362,contradiction
22363,entailment
22364,neutral
22365,entailment
22366,contradiction
22367,entailment
22368,entailment
22369,contradiction
22370,neutral
22371,contradiction
22372,neutral
22373,entailment
22374,neutral
22375,entailment
22376,contradiction
22377,entailment
22378,entailment
22379,contradiction
22380,entailment
22381,contradiction
22382,neutral
22383,neutral
22384,contradiction
22385,neutral
22386,entailment
22387,entailment
22388,neutral
22389,contradiction
22390,contradiction
22391,contradiction
22392,contradiction
22393,neutral
22394,entailment
22395,entailment
22396,neutral
22397,contradiction
22398,neutral
22399,neutral
22400,contradiction
22401,neutral
22402,contradiction
22403,entailment
22404,neutral
22405,neutral
22406,neutral
22407,neutral
22408,neutral
22409,contradiction
22410,neutral
22411,entailment
22412,neutral
22413,entailment
22414,contradiction
22415,neutral
22416,contradiction
22417,neutral
22418,entailment
22419,entailment
22420,neutral
22421,contradiction
22422,contradiction
22423,entailment
22424,neutral
22425,contradiction
22426,neutral
22427,contradiction
22428,neutral
22429,neutral
22430,contradiction
22431,entailment
22432,entailment
22433,entailment
22434,neutral
22435,neutral
22436,entailment
22437,contradiction
22438,contradiction
22439,neutral
22440,entailment
22441,contradiction
22442,contradiction
22443,entailment
22444,neutral
22445,entailment
22446,entailment
22447,entailment
22448,entailment
22449,contradiction
22450,neutral
22451,contradiction
22452,contradiction
22453,contradiction
22454,contradiction
22455,entailment
22456,contradiction
22457,contradiction
22458,neutral
22459,neutral
22460,contradiction
22461,contradiction
22462,neutral
22463,entailment
22464,entailment
22465,contradiction
22466,contradiction
22467,contradiction
22468,neutral
22469,entailment
22470,neutral
22471,entailment
22472,neutral
22473,entailment
22474,contradiction
22475,contradiction
22476,entailment
22477,neutral
22478,contradiction
22479,neutral
22480,contradiction
22481,entailment
22482,neutral
22483,contradiction
22484,neutral
22485,entailment
22486,neutral
22487,contradiction
22488,entailment
22489,entailment
22490,contradiction
22491,entailment
22492,neutral
22493,contradiction
22494,entailment
22495,neutral
22496,contradiction
22497,entailment
22498,contradiction
22499,neutral
22500,contradiction
22501,entailment
22502,entailment
22503,entailment
22504,contradiction
22505,neutral
22506,neutral
22507,contradiction
22508,entailment
22509,contradiction
22510,neutral
22511,entailment
22512,contradiction
22513,entailment
22514,entailment
22515,contradiction
22516,contradiction
22517,entailment
22518,contradiction
22519,entailment
22520,entailment
22521,contradiction
22522,neutral
22523,entailment
22524,neutral
22525,entailment
22526,contradiction
22527,entailment
22528,contradiction
22529,neutral
22530,entailment
22531,neutral
22532,neutral
22533,neutral
22534,entailment
22535,neutral
22536,neutral
22537,neutral
22538,contradiction
22539,contradiction
22540,neutral
22541,entailment
22542,contradiction
22543,neutral
22544,entailment
22545,neutral
22546,entailment
22547,neutral
22548,contradiction
22549,entailment
22550,neutral
22551,neutral
22552,contradiction
22553,entailment
22554,entailment
22555,contradiction
22556,contradiction
22557,neutral
22558,entailment
22559,contradiction
22560,entailment
22561,contradiction
22562,neutral
22563,entailment
22564,contradiction
22565,contradiction
22566,neutral
22567,entailment
22568,contradiction
22569,neutral
22570,entailment
22571,contradiction
22572,entailment
22573,entailment
22574,contradiction
22575,contradiction
22576,entailment
22577,neutral
22578,neutral
22579,contradiction
22580,entailment
22581,entailment
22582,neutral
22583,contradiction
22584,entailment
22585,entailment
22586,neutral
22587,contradiction
22588,neutral
22589,entailment
22590,entailment
22591,contradiction
22592,neutral
22593,entailment
22594,contradiction
22595,entailment
22596,neutral
22597,entailment
22598,contradiction
22599,entailment
22600,neutral
22601,neutral
22602,neutral
22603,neutral
22604,entailment
22605,neutral
22606,contradiction
22607,contradiction
22608,neutral
22609,contradiction
22610,entailment
22611,neutral
22612,entailment
22613,contradiction
22614,entailment
22615,contradiction
22616,contradiction
22617,contradiction
22618,neutral
22619,entailment
22620,neutral
22621,entailment
22622,neutral
22623,neutral
22624,contradiction
22625,entailment
22626,contradiction
22627,neutral
22628,entailment
22629,contradiction
22630,neutral
22631,entailment
22632,entailment
22633,neutral
22634,contradiction
22635,neutral
22636,entailment
22637,neutral
22638,neutral
22639,contradiction
22640,entailment
22641,entailment
22642,neutral
22643,contradiction
22644,entailment
22645,contradiction
22646,neutral
22647,entailment
22648,contradiction
22649,neutral
22650,contradiction
22651,neutral
22652,entailment
22653,neutral
22654,neutral
22655,entailment
22656,contradiction
22657,entailment
22658,neutral
22659,neutral
22660,entailment
22661,contradiction
22662,neutral
22663,contradiction
22664,contradiction
22665,neutral
22666,entailment
22667,contradiction
22668,entailment
22669,neutral
22670,contradiction
22671,entailment
22672,neutral
22673,contradiction
22674,neutral
22675,contradiction
22676,neutral
22677,entailment
22678,neutral
22679,contradiction
22680,neutral
22681,contradiction
22682,entailment
22683,neutral
22684,contradiction
22685,neutral
22686,neutral
22687,neutral
22688,entailment
22689,neutral
22690,neutral
22691,entailment
22692,contradiction
22693,contradiction
22694,contradiction
22695,contradiction
22696,entailment
22697,contradiction
22698,neutral
22699,contradiction
22700,entailment
22701,entailment
22702,neutral
22703,neutral
22704,neutral
22705,contradiction
22706,entailment
22707,entailment
22708,entailment
22709,contradiction
22710,neutral
22711,neutral
22712,contradiction
22713,entailment
22714,contradiction
22715,neutral
22716,entailment
22717,neutral
22718,neutral
22719,contradiction
22720,entailment
22721,neutral
22722,neutral
22723,entailment
22724,entailment
22725,neutral
22726,contradiction
22727,entailment
22728,entailment
22729,contradiction
22730,entailment
22731,contradiction
22732,neutral
22733,entailment
22734,contradiction
22735,neutral
22736,neutral
22737,neutral
22738,contradiction
22739,neutral
22740,entailment
22741,contradiction
22742,neutral
22743,entailment
22744,neutral
22745,contradiction
22746,contradiction
22747,neutral
22748,entailment
22749,contradiction
22750,contradiction
22751,entailment
22752,neutral
22753,contradiction
22754,neutral
22755,entailment
22756,neutral
22757,contradiction
22758,neutral
22759,entailment
22760,contradiction
22761,contradiction
22762,entailment
22763,neutral
22764,neutral
22765,entailment
22766,contradiction
22767,contradiction
22768,entailment
22769,contradiction
22770,contradiction
22771,entailment
22772,neutral
22773,neutral
22774,neutral
22775,entailment
22776,contradiction
22777,neutral
22778,contradiction
22779,neutral
22780,contradiction
22781,contradiction
22782,neutral
22783,neutral
22784,entailment
22785,entailment
22786,neutral
22787,neutral
22788,entailment
22789,contradiction
22790,contradiction
22791,neutral
22792,contradiction
22793,contradiction
22794,contradiction
22795,neutral
22796,entailment
22797,contradiction
22798,entailment
22799,neutral
22800,contradiction
22801,neutral
22802,entailment
22803,neutral
22804,entailment
22805,contradiction
22806,entailment
22807,neutral
22808,neutral
22809,neutral
22810,contradiction
22811,contradiction
22812,contradiction
22813,contradiction
22814,neutral
22815,neutral
22816,neutral
22817,entailment
22818,neutral
22819,entailment
22820,entailment
22821,entailment
22822,neutral
22823,contradiction
22824,contradiction
22825,neutral
22826,entailment
22827,contradiction
22828,contradiction
22829,entailment
22830,neutral
22831,entailment
22832,contradiction
22833,contradiction
22834,contradiction
22835,neutral
22836,entailment
22837,contradiction
22838,neutral
22839,neutral
22840,entailment
22841,contradiction
22842,entailment
22843,contradiction
22844,neutral
22845,contradiction
22846,neutral
22847,entailment
22848,contradiction
22849,entailment
22850,neutral
22851,contradiction
22852,entailment
22853,entailment
22854,entailment
22855,contradiction
22856,contradiction
22857,neutral
22858,entailment
22859,contradiction
22860,contradiction
22861,neutral
22862,entailment
22863,entailment
22864,neutral
22865,contradiction
22866,neutral
22867,neutral
22868,contradiction
22869,contradiction
22870,entailment
22871,entailment
22872,neutral
22873,entailment
22874,contradiction
22875,neutral
22876,entailment
22877,neutral
22878,contradiction
22879,contradiction
22880,entailment
22881,neutral
22882,contradiction
22883,entailment
22884,contradiction
22885,entailment
22886,contradiction
22887,entailment
22888,neutral
22889,contradiction
22890,entailment
22891,entailment
22892,contradiction
22893,entailment
22894,contradiction
22895,neutral
22896,entailment
22897,contradiction
22898,neutral
22899,contradiction
22900,entailment
22901,neutral
22902,neutral
22903,entailment
22904,neutral
22905,entailment
22906,contradiction
22907,entailment
22908,contradiction
22909,contradiction
22910,entailment
22911,neutral
22912,neutral
22913,neutral
22914,entailment
22915,neutral
22916,entailment
22917,neutral
22918,entailment
22919,contradiction
22920,entailment
22921,contradiction
22922,contradiction
22923,entailment
22924,entailment
22925,entailment
22926,contradiction
22927,contradiction
22928,entailment
22929,contradiction
22930,contradiction
22931,neutral
22932,entailment
22933,contradiction
22934,entailment
22935,entailment
22936,entailment
22937,contradiction
22938,neutral
22939,neutral
22940,contradiction
22941,neutral
22942,entailment
22943,contradiction
22944,contradiction
22945,neutral
22946,entailment
22947,neutral
22948,neutral
22949,entailment
22950,neutral
22951,entailment
22952,neutral
22953,entailment
22954,neutral
22955,contradiction
22956,entailment
22957,contradiction
22958,neutral
22959,neutral
22960,neutral
22961,neutral
22962,entailment
22963,contradiction
22964,neutral
22965,entailment
22966,neutral
22967,contradiction
22968,contradiction
22969,entailment
22970,contradiction
22971,contradiction
22972,entailment
22973,neutral
22974,contradiction
22975,entailment
22976,entailment
22977,contradiction
22978,entailment
22979,entailment
22980,neutral
22981,neutral
22982,contradiction
22983,entailment
22984,contradiction
22985,contradiction
22986,entailment
22987,contradiction
22988,neutral
22989,contradiction
22990,neutral
22991,entailment
22992,entailment
22993,neutral
22994,contradiction
22995,neutral
22996,contradiction
22997,neutral
22998,contradiction
22999,entailment
23000,entailment
23001,contradiction
23002,neutral
23003,neutral
23004,neutral
23005,entailment
23006,contradiction
23007,entailment
23008,neutral
23009,entailment
23010,neutral
23011,entailment
23012,neutral
23013,contradiction
23014,contradiction
23015,contradiction
23016,entailment
23017,neutral
23018,contradiction
23019,contradiction
23020,contradiction
23021,neutral
23022,contradiction
23023,entailment
23024,contradiction
23025,entailment
23026,neutral
23027,contradiction
23028,neutral
23029,entailment
23030,contradiction
23031,entailment
23032,neutral
23033,contradiction
23034,entailment
23035,contradiction
23036,neutral
23037,neutral
23038,entailment
23039,neutral
23040,neutral
23041,entailment
23042,contradiction
23043,contradiction
23044,neutral
23045,neutral
23046,contradiction
23047,neutral
23048,entailment
23049,contradiction
23050,neutral
23051,entailment
23052,neutral
23053,contradiction
23054,contradiction
23055,entailment
23056,contradiction
23057,neutral
23058,neutral
23059,entailment
23060,entailment
23061,entailment
23062,neutral
23063,contradiction
23064,neutral
23065,contradiction
23066,entailment
23067,entailment
23068,neutral
23069,neutral
23070,neutral
23071,contradiction
23072,entailment
23073,neutral
23074,entailment
23075,contradiction
23076,neutral
23077,contradiction
23078,entailment
23079,contradiction
23080,contradiction
23081,entailment
23082,neutral
23083,contradiction
23084,entailment
23085,neutral
23086,entailment
23087,contradiction
23088,contradiction
23089,neutral
23090,contradiction
23091,contradiction
23092,entailment
23093,neutral
23094,neutral
23095,neutral
23096,entailment
23097,neutral
23098,entailment
23099,entailment
23100,contradiction
23101,neutral
23102,entailment
23103,neutral
23104,neutral
23105,entailment
23106,entailment
23107,contradiction
23108,neutral
23109,contradiction
23110,contradiction
23111,entailment
23112,neutral
23113,entailment
23114,entailment
23115,contradiction
23116,neutral
23117,entailment
23118,neutral
23119,contradiction
23120,entailment
23121,neutral
23122,entailment
23123,entailment
23124,entailment
23125,contradiction
23126,entailment
23127,contradiction
23128,neutral
23129,contradiction
23130,entailment
23131,entailment
23132,contradiction
23133,entailment
23134,neutral
23135,entailment
23136,contradiction
23137,entailment
23138,contradiction
23139,entailment
23140,neutral
23141,contradiction
23142,entailment
23143,entailment
23144,contradiction
23145,entailment
23146,entailment
23147,neutral
23148,entailment
23149,neutral
23150,entailment
23151,neutral
23152,neutral
23153,entailment
23154,contradiction
23155,neutral
23156,contradiction
23157,entailment
23158,neutral
23159,neutral
23160,contradiction
23161,neutral
23162,entailment
23163,contradiction
23164,neutral
23165,neutral
23166,neutral
23167,contradiction
23168,neutral
23169,neutral
23170,entailment
23171,contradiction
23172,entailment
23173,contradiction
23174,entailment
23175,contradiction
23176,neutral
23177,entailment
23178,entailment
23179,entailment
23180,neutral
23181,entailment
23182,neutral
23183,entailment
23184,contradiction
23185,neutral
23186,contradiction
23187,entailment
23188,neutral
23189,contradiction
23190,contradiction
23191,contradiction
23192,neutral
23193,contradiction
23194,contradiction
23195,neutral
23196,neutral
23197,entailment
23198,entailment
23199,entailment
23200,neutral
23201,contradiction
23202,entailment
23203,entailment
23204,entailment
23205,neutral
23206,neutral
23207,neutral
23208,neutral
23209,contradiction
23210,neutral
23211,entailment
23212,contradiction
23213,entailment
23214,neutral
23215,contradiction
23216,contradiction
23217,entailment
23218,neutral
23219,contradiction
23220,neutral
23221,entailment
23222,contradiction
23223,entailment
23224,entailment
23225,contradiction
23226,neutral
23227,entailment
23228,neutral
23229,entailment
23230,contradiction
23231,entailment
23232,neutral
23233,contradiction
23234,entailment
23235,contradiction
23236,entailment
23237,entailment
23238,entailment
23239,neutral
23240,contradiction
23241,contradiction
23242,contradiction
23243,neutral
23244,entailment
23245,neutral
23246,entailment
23247,contradiction
23248,entailment
23249,contradiction
23250,entailment
23251,neutral
23252,neutral
23253,contradiction
23254,entailment
23255,neutral
23256,entailment
23257,contradiction
23258,contradiction
23259,contradiction
23260,neutral
23261,neutral
23262,contradiction
23263,contradiction
23264,entailment
23265,entailment
23266,neutral
23267,neutral
23268,neutral
23269,entailment
23270,entailment
23271,entailment
23272,neutral
23273,entailment
23274,neutral
23275,contradiction
23276,entailment
23277,entailment
23278,contradiction
23279,entailment
23280,neutral
23281,contradiction
23282,contradiction
23283,neutral
23284,neutral
23285,entailment
23286,entailment
23287,contradiction
23288,neutral
23289,neutral
23290,neutral
23291,entailment
23292,entailment
23293,entailment
23294,entailment
23295,contradiction
23296,neutral
23297,contradiction
23298,neutral
23299,contradiction
23300,neutral
23301,entailment
23302,contradiction
23303,neutral
23304,entailment
23305,contradiction
23306,contradiction
23307,contradiction
23308,entailment
23309,contradiction
23310,neutral
23311,entailment
23312,contradiction
23313,neutral
23314,entailment
23315,contradiction
23316,entailment
23317,entailment
23318,contradiction
23319,entailment
23320,contradiction
23321,entailment
23322,entailment
23323,contradiction
23324,entailment
23325,contradiction
23326,neutral
23327,entailment
23328,contradiction
23329,neutral
23330,entailment
23331,entailment
23332,contradiction
23333,entailment
23334,contradiction
23335,contradiction
23336,contradiction
23337,contradiction
23338,contradiction
23339,neutral
23340,neutral
23341,contradiction
23342,contradiction
23343,contradiction
23344,neutral
23345,entailment
23346,entailment
23347,entailment
23348,contradiction
23349,entailment
23350,neutral
23351,contradiction
23352,contradiction
23353,entailment
23354,entailment
23355,neutral
23356,contradiction
23357,neutral
23358,entailment
23359,neutral
23360,contradiction
23361,neutral
23362,entailment
23363,neutral
23364,entailment
23365,contradiction
23366,contradiction
23367,entailment
23368,neutral
23369,contradiction
23370,entailment
23371,neutral
23372,entailment
23373,entailment
23374,entailment
23375,contradiction
23376,neutral
23377,contradiction
23378,entailment
23379,contradiction
23380,entailment
23381,entailment
23382,entailment
23383,contradiction
23384,contradiction
23385,neutral
23386,entailment
23387,entailment
23388,contradiction
23389,neutral
23390,entailment
23391,contradiction
23392,neutral
23393,entailment
23394,neutral
23395,contradiction
23396,entailment
23397,neutral
23398,neutral
23399,entailment
23400,neutral
23401,contradiction
23402,neutral
23403,entailment
23404,neutral
23405,entailment
23406,neutral
23407,neutral
23408,entailment
23409,contradiction
23410,entailment
23411,entailment
23412,neutral
23413,entailment
23414,contradiction
23415,neutral
23416,neutral
23417,entailment
23418,contradiction
23419,neutral
23420,neutral
23421,entailment
23422,contradiction
23423,contradiction
23424,contradiction
23425,contradiction
23426,neutral
23427,contradiction
23428,entailment
23429,contradiction
23430,entailment
23431,contradiction
23432,neutral
23433,neutral
23434,entailment
23435,contradiction
23436,entailment
23437,neutral
23438,entailment
23439,contradiction
23440,neutral
23441,neutral
23442,neutral
23443,entailment
23444,neutral
23445,contradiction
23446,entailment
23447,entailment
23448,contradiction
23449,neutral
23450,neutral
23451,contradiction
23452,entailment
23453,entailment
23454,entailment
23455,contradiction
23456,entailment
23457,entailment
23458,contradiction
23459,contradiction
23460,contradiction
23461,entailment
23462,neutral
23463,neutral
23464,entailment
23465,entailment
23466,neutral
23467,contradiction
23468,contradiction
23469,entailment
23470,neutral
23471,entailment
23472,entailment
23473,neutral
23474,entailment
23475,contradiction
23476,neutral
23477,neutral
23478,entailment
23479,contradiction
23480,contradiction
23481,neutral
23482,entailment
23483,entailment
23484,neutral
23485,neutral
23486,neutral
23487,contradiction
23488,entailment
23489,contradiction
23490,entailment
23491,entailment
23492,contradiction
23493,neutral
23494,entailment
23495,entailment
23496,contradiction
23497,entailment
23498,neutral
23499,neutral
23500,entailment
23501,neutral
23502,neutral
23503,contradiction
23504,entailment
23505,entailment
23506,contradiction
23507,contradiction
23508,contradiction
23509,entailment
23510,neutral
23511,neutral
23512,entailment
23513,contradiction
23514,contradiction
23515,contradiction
23516,entailment
23517,neutral
23518,contradiction
23519,contradiction
23520,contradiction
23521,entailment
23522,contradiction
23523,entailment
23524,neutral
23525,entailment
23526,entailment
23527,contradiction
23528,neutral
23529,entailment
23530,entailment
23531,entailment
23532,neutral
23533,contradiction
23534,contradiction
23535,neutral
23536,entailment
23537,neutral
23538,contradiction
23539,entailment
23540,contradiction
23541,entailment
23542,neutral
23543,entailment
23544,entailment
23545,contradiction
23546,neutral
23547,contradiction
23548,entailment
23549,contradiction
23550,neutral
23551,neutral
23552,contradiction
23553,neutral
23554,entailment
23555,neutral
23556,neutral
23557,contradiction
23558,neutral
23559,neutral
23560,contradiction
23561,neutral
23562,contradiction
23563,entailment
23564,neutral
23565,entailment
23566,contradiction
23567,entailment
23568,contradiction
23569,neutral
23570,entailment
23571,contradiction
23572,neutral
23573,contradiction
23574,neutral
23575,entailment
23576,entailment
23577,neutral
23578,contradiction
23579,contradiction
23580,neutral
23581,entailment
23582,contradiction
23583,neutral
23584,contradiction
23585,neutral
23586,neutral
23587,neutral
23588,entailment
23589,contradiction
23590,contradiction
23591,neutral
23592,contradiction
23593,entailment
23594,contradiction
23595,entailment
23596,neutral
23597,entailment
23598,entailment
23599,contradiction
23600,neutral
23601,entailment
23602,contradiction
23603,neutral
23604,entailment
23605,contradiction
23606,neutral
23607,entailment
23608,contradiction
23609,contradiction
23610,neutral
23611,entailment
23612,neutral
23613,contradiction
23614,entailment
23615,contradiction
23616,entailment
23617,neutral
23618,entailment
23619,contradiction
23620,entailment
23621,neutral
23622,contradiction
23623,entailment
23624,contradiction
23625,entailment
23626,contradiction
23627,entailment
23628,neutral
23629,contradiction
23630,neutral
23631,contradiction
23632,entailment
23633,contradiction
23634,contradiction
23635,entailment
23636,contradiction
23637,neutral
23638,contradiction
23639,contradiction
23640,neutral
23641,neutral
23642,contradiction
23643,entailment
23644,contradiction
23645,contradiction
23646,neutral
23647,entailment
23648,neutral
23649,contradiction
23650,entailment
23651,entailment
23652,contradiction
23653,neutral
23654,contradiction
23655,entailment
23656,entailment
23657,neutral
23658,neutral
23659,neutral
23660,contradiction
23661,entailment
23662,contradiction
23663,entailment
23664,neutral
23665,contradiction
23666,entailment
23667,contradiction
23668,contradiction
23669,entailment
23670,contradiction
23671,entailment
23672,contradiction
23673,contradiction
23674,entailment
23675,contradiction
23676,entailment
23677,neutral
23678,entailment
23679,entailment
23680,entailment
23681,entailment
23682,neutral
23683,contradiction
23684,entailment
23685,contradiction
23686,entailment
23687,contradiction
23688,neutral
23689,neutral
23690,entailment
23691,neutral
23692,contradiction
23693,entailment
23694,neutral
23695,contradiction
23696,entailment
23697,neutral
23698,contradiction
23699,entailment
23700,contradiction
23701,neutral
23702,entailment
23703,neutral
23704,contradiction
23705,entailment
23706,neutral
23707,contradiction
23708,entailment
23709,contradiction
23710,contradiction
23711,contradiction
23712,neutral
23713,entailment
23714,neutral
23715,contradiction
23716,entailment
23717,neutral
23718,neutral
23719,entailment
23720,neutral
23721,entailment
23722,entailment
23723,contradiction
23724,entailment
23725,neutral
23726,entailment
23727,contradiction
23728,contradiction
23729,neutral
23730,contradiction
23731,neutral
23732,entailment
23733,contradiction
23734,neutral
23735,contradiction
23736,entailment
23737,neutral
23738,entailment
23739,contradiction
23740,contradiction
23741,contradiction
23742,neutral
23743,entailment
23744,entailment
23745,contradiction
23746,entailment
23747,entailment
23748,neutral
23749,contradiction
23750,contradiction
23751,neutral
23752,neutral
23753,contradiction
23754,entailment
23755,entailment
23756,entailment
23757,contradiction
23758,entailment
23759,contradiction
23760,neutral
23761,entailment
23762,neutral
23763,entailment
23764,entailment
23765,contradiction
23766,neutral
23767,entailment
23768,neutral
23769,neutral
23770,entailment
23771,entailment
23772,neutral
23773,contradiction
23774,entailment
23775,contradiction
23776,contradiction
23777,neutral
23778,entailment
23779,contradiction
23780,entailment
23781,contradiction
23782,entailment
23783,neutral
23784,neutral
23785,contradiction
23786,contradiction
23787,neutral
23788,contradiction
23789,neutral
23790,contradiction
23791,entailment
23792,entailment
23793,neutral
23794,entailment
23795,neutral
23796,contradiction
23797,neutral
23798,entailment
23799,entailment
23800,entailment
23801,neutral
23802,contradiction
23803,entailment
23804,neutral
23805,contradiction
23806,entailment
23807,entailment
23808,entailment
23809,contradiction
23810,neutral
23811,entailment
23812,contradiction
23813,neutral
23814,entailment
23815,contradiction
23816,neutral
23817,entailment
23818,contradiction
23819,contradiction
23820,entailment
23821,entailment
23822,contradiction
23823,contradiction
23824,neutral
23825,entailment
23826,neutral
23827,neutral
23828,contradiction
23829,entailment
23830,neutral
23831,neutral
23832,contradiction
23833,entailment
23834,entailment
23835,contradiction
23836,neutral
23837,entailment
23838,neutral
23839,contradiction
23840,contradiction
23841,contradiction
23842,entailment
23843,neutral
23844,contradiction
23845,neutral
23846,entailment
23847,neutral
23848,contradiction
23849,contradiction
23850,entailment
23851,neutral
23852,contradiction
23853,neutral
23854,neutral
23855,neutral
23856,contradiction
23857,entailment
23858,entailment
23859,neutral
23860,contradiction
23861,entailment
23862,neutral
23863,contradiction
23864,neutral
23865,contradiction
23866,entailment
23867,neutral
23868,entailment
23869,contradiction
23870,neutral
23871,entailment
23872,entailment
23873,neutral
23874,contradiction
23875,neutral
23876,neutral
23877,contradiction
23878,entailment
23879,contradiction
23880,neutral
23881,neutral
23882,contradiction
23883,entailment
23884,neutral
23885,contradiction
23886,neutral
23887,contradiction
23888,contradiction
23889,neutral
23890,neutral
23891,contradiction
23892,entailment
23893,neutral
23894,neutral
23895,contradiction
23896,entailment
23897,entailment
23898,neutral
23899,contradiction
23900,neutral
23901,contradiction
23902,entailment
23903,contradiction
23904,neutral
23905,entailment
23906,neutral
23907,entailment
23908,contradiction
23909,neutral
23910,neutral
23911,entailment
23912,neutral
23913,contradiction
23914,entailment
23915,contradiction
23916,neutral
23917,neutral
23918,neutral
23919,contradiction
23920,entailment
23921,neutral
23922,neutral
23923,entailment
23924,entailment
23925,neutral
23926,entailment
23927,neutral
23928,neutral
23929,contradiction
23930,entailment
23931,entailment
23932,entailment
23933,contradiction
23934,contradiction
23935,contradiction
23936,contradiction
23937,contradiction
23938,neutral
23939,entailment
23940,entailment
23941,entailment
23942,entailment
23943,contradiction
23944,neutral
23945,neutral
23946,entailment
23947,contradiction
23948,contradiction
23949,entailment
23950,contradiction
23951,contradiction
23952,entailment
23953,contradiction
23954,contradiction
23955,entailment
23956,neutral
23957,contradiction
23958,entailment
23959,neutral
23960,entailment
23961,neutral
23962,contradiction
23963,entailment
23964,neutral
23965,contradiction
23966,neutral
23967,entailment
23968,contradiction
23969,contradiction
23970,entailment
23971,contradiction
23972,entailment
23973,contradiction
23974,neutral
23975,entailment
23976,contradiction
23977,contradiction
23978,contradiction
23979,entailment
23980,neutral
23981,entailment
23982,entailment
23983,contradiction
23984,contradiction
23985,entailment
23986,neutral
23987,neutral
23988,contradiction
23989,entailment
23990,neutral
23991,entailment
23992,contradiction
23993,contradiction
23994,entailment
23995,neutral
23996,neutral
23997,entailment
23998,neutral
23999,entailment
24000,neutral
24001,contradiction
24002,contradiction
24003,neutral
24004,entailment
24005,contradiction
24006,entailment
24007,neutral
24008,entailment
24009,neutral
24010,neutral
24011,entailment
24012,contradiction
24013,neutral
24014,contradiction
24015,neutral
24016,entailment
24017,entailment
24018,contradiction
24019,contradiction
24020,neutral
24021,entailment
24022,contradiction
24023,contradiction
24024,entailment
24025,entailment
24026,entailment
24027,entailment
24028,contradiction
24029,entailment
24030,contradiction
24031,contradiction
24032,contradiction
24033,contradiction
24034,neutral
24035,entailment
24036,neutral
24037,neutral
24038,entailment
24039,neutral
24040,entailment
24041,entailment
24042,neutral
24043,contradiction
24044,neutral
24045,entailment
24046,contradiction
24047,contradiction
24048,entailment
24049,entailment
24050,contradiction
24051,entailment
24052,contradiction
24053,entailment
24054,contradiction
24055,entailment
24056,contradiction
24057,neutral
24058,entailment
24059,entailment
24060,contradiction
24061,neutral
24062,contradiction
24063,entailment
24064,neutral
24065,contradiction
24066,entailment
24067,entailment
24068,contradiction
24069,neutral
24070,entailment
24071,contradiction
24072,neutral
24073,entailment
24074,contradiction
24075,entailment
24076,neutral
24077,neutral
24078,neutral
24079,entailment
24080,contradiction
24081,entailment
24082,contradiction
24083,entailment
24084,neutral
24085,contradiction
24086,neutral
24087,contradiction
24088,entailment
24089,entailment
24090,neutral
24091,contradiction
24092,contradiction
24093,entailment
24094,contradiction
24095,contradiction
24096,neutral
24097,contradiction
24098,neutral
24099,neutral
24100,neutral
24101,entailment
24102,contradiction
24103,entailment
24104,contradiction
24105,entailment
24106,neutral
24107,neutral
24108,entailment
24109,contradiction
24110,contradiction
24111,neutral
24112,entailment
24113,entailment
24114,contradiction
24115,neutral
24116,entailment
24117,neutral
24118,entailment
24119,neutral
24120,neutral
24121,contradiction
24122,contradiction
24123,neutral
24124,entailment
24125,neutral
24126,contradiction
24127,neutral
24128,entailment
24129,entailment
24130,contradiction
24131,contradiction
24132,entailment
24133,contradiction
24134,entailment
24135,contradiction
24136,contradiction
24137,neutral
24138,entailment
24139,neutral
24140,entailment
24141,contradiction
24142,neutral
24143,neutral
24144,contradiction
24145,entailment
24146,neutral
24147,entailment
24148,contradiction
24149,neutral
24150,entailment
24151,contradiction
24152,contradiction
24153,neutral
24154,entailment
24155,entailment
24156,neutral
24157,contradiction
24158,contradiction
24159,neutral
24160,entailment
24161,neutral
24162,contradiction
24163,neutral
24164,entailment
24165,contradiction
24166,neutral
24167,neutral
24168,contradiction
24169,neutral
24170,contradiction
24171,entailment
24172,entailment
24173,neutral
24174,entailment
24175,entailment
24176,neutral
24177,entailment
24178,neutral
24179,entailment
24180,entailment
24181,neutral
24182,entailment
24183,entailment
24184,neutral
24185,contradiction
24186,contradiction
24187,neutral
24188,entailment
24189,contradiction
24190,entailment
24191,contradiction
24192,neutral
24193,entailment
24194,contradiction
24195,neutral
24196,entailment
24197,contradiction
24198,contradiction
24199,entailment
24200,entailment
24201,neutral
24202,contradiction
24203,contradiction
24204,entailment
24205,neutral
24206,contradiction
24207,neutral
24208,entailment
24209,neutral
24210,contradiction
24211,entailment
24212,contradiction
24213,neutral
24214,contradiction
24215,neutral
24216,contradiction
24217,neutral
24218,entailment
24219,neutral
24220,contradiction
24221,neutral
24222,entailment
24223,contradiction
24224,contradiction
24225,entailment
24226,neutral
24227,neutral
24228,entailment
24229,contradiction
24230,entailment
24231,contradiction
24232,neutral
24233,entailment
24234,contradiction
24235,neutral
24236,entailment
24237,entailment
24238,entailment
24239,entailment
24240,neutral
24241,contradiction
24242,contradiction
24243,entailment
24244,neutral
24245,entailment
24246,neutral
24247,contradiction
24248,contradiction
24249,contradiction
24250,contradiction
24251,entailment
24252,contradiction
24253,neutral
24254,contradiction
24255,neutral
24256,entailment
24257,entailment
24258,neutral
24259,neutral
24260,contradiction
24261,neutral
24262,entailment
24263,neutral
24264,contradiction
24265,contradiction
24266,entailment
24267,neutral
24268,contradiction
24269,contradiction
24270,entailment
24271,contradiction
24272,entailment
24273,contradiction
24274,contradiction
24275,neutral
24276,neutral
24277,contradiction
24278,neutral
24279,neutral
24280,neutral
24281,contradiction
24282,neutral
24283,entailment
24284,contradiction
24285,contradiction
24286,entailment
24287,contradiction
24288,neutral
24289,entailment
24290,contradiction
24291,entailment
24292,entailment
24293,contradiction
24294,entailment
24295,neutral
24296,contradiction
24297,neutral
24298,neutral
24299,contradiction
24300,contradiction
24301,entailment
24302,entailment
24303,contradiction
24304,neutral
24305,contradiction
24306,entailment
24307,contradiction
24308,entailment
24309,entailment
24310,entailment
24311,entailment
24312,neutral
24313,contradiction
24314,entailment
24315,contradiction
24316,neutral
24317,contradiction
24318,neutral
24319,neutral
24320,contradiction
24321,contradiction
24322,entailment
24323,entailment
24324,neutral
24325,neutral
24326,entailment
24327,neutral
24328,contradiction
24329,entailment
24330,neutral
24331,contradiction
24332,neutral
24333,contradiction
24334,neutral
24335,contradiction
24336,entailment
24337,neutral
24338,neutral
24339,contradiction
24340,entailment
24341,neutral
24342,entailment
24343,contradiction
24344,contradiction
24345,entailment
24346,neutral
24347,neutral
24348,contradiction
24349,neutral
24350,entailment
24351,contradiction
24352,neutral
24353,neutral
24354,contradiction
24355,contradiction
24356,contradiction
24357,entailment
24358,neutral
24359,neutral
24360,contradiction
24361,entailment
24362,entailment
24363,entailment
24364,contradiction
24365,contradiction
24366,entailment
24367,neutral
24368,contradiction
24369,entailment
24370,contradiction
24371,contradiction
24372,neutral
24373,neutral
24374,neutral
24375,entailment
24376,contradiction
24377,entailment
24378,neutral
24379,contradiction
24380,contradiction
24381,neutral
24382,entailment
24383,entailment
24384,neutral
24385,entailment
24386,neutral
24387,contradiction
24388,entailment
24389,contradiction
24390,entailment
24391,neutral
24392,contradiction
24393,entailment
24394,entailment
24395,contradiction
24396,contradiction
24397,entailment
24398,contradiction
24399,entailment
24400,contradiction
24401,contradiction
24402,contradiction
24403,contradiction
24404,neutral
24405,contradiction
24406,entailment
24407,entailment
24408,neutral
24409,contradiction
24410,entailment
24411,entailment
24412,contradiction
24413,neutral
24414,entailment
24415,entailment
24416,neutral
24417,neutral
24418,contradiction
24419,entailment
24420,contradiction
24421,entailment
24422,neutral
24423,entailment
24424,contradiction
24425,entailment
24426,contradiction
24427,entailment
24428,entailment
24429,neutral
24430,contradiction
24431,entailment
24432,entailment
24433,contradiction
24434,contradiction
24435,neutral
24436,entailment
24437,contradiction
24438,neutral
24439,entailment
24440,neutral
24441,contradiction
24442,entailment
24443,contradiction
24444,neutral
24445,contradiction
24446,entailment
24447,contradiction
24448,neutral
24449,contradiction
24450,neutral
24451,entailment
24452,entailment
24453,entailment
24454,contradiction
24455,contradiction
24456,entailment
24457,neutral
24458,entailment
24459,contradiction
24460,neutral
24461,contradiction
24462,entailment
24463,neutral
24464,neutral
24465,entailment
24466,contradiction
24467,entailment
24468,contradiction
24469,entailment
24470,contradiction
24471,contradiction
24472,entailment
24473,entailment
24474,entailment
24475,contradiction
24476,entailment
24477,entailment
24478,contradiction
24479,contradiction
24480,neutral
24481,entailment
24482,entailment
24483,contradiction
24484,neutral
24485,neutral
24486,entailment
24487,neutral
24488,entailment
24489,neutral
24490,neutral
24491,entailment
24492,contradiction
24493,neutral
24494,contradiction
24495,entailment
24496,neutral
24497,contradiction
24498,neutral
24499,entailment
24500,neutral
24501,neutral
24502,contradiction
24503,entailment
24504,neutral
24505,contradiction
24506,neutral
24507,entailment
24508,contradiction
24509,neutral
24510,entailment
24511,neutral
24512,neutral
24513,entailment
24514,contradiction
24515,neutral
24516,entailment
24517,contradiction
24518,neutral
24519,entailment
24520,contradiction
24521,contradiction
24522,entailment
24523,neutral
24524,entailment
24525,entailment
24526,neutral
24527,contradiction
24528,contradiction
24529,neutral
24530,neutral
24531,entailment
24532,neutral
24533,entailment
24534,entailment
24535,contradiction
24536,entailment
24537,neutral
24538,contradiction
24539,neutral
24540,entailment
24541,contradiction
24542,entailment
24543,neutral
24544,entailment
24545,entailment
24546,contradiction
24547,contradiction
24548,neutral
24549,neutral
24550,neutral
24551,contradiction
24552,entailment
24553,entailment
24554,contradiction
24555,neutral
24556,neutral
24557,contradiction
24558,entailment
24559,entailment
24560,contradiction
24561,contradiction
24562,neutral
24563,neutral
24564,entailment
24565,neutral
24566,entailment
24567,contradiction
24568,contradiction
24569,entailment
24570,neutral
24571,neutral
24572,neutral
24573,contradiction
24574,entailment
24575,neutral
24576,entailment
24577,entailment
24578,entailment
24579,contradiction
24580,neutral
24581,entailment
24582,neutral
24583,neutral
24584,neutral
24585,neutral
24586,contradiction
24587,contradiction
24588,contradiction
24589,neutral
24590,contradiction
24591,entailment
24592,contradiction
24593,neutral
24594,neutral
24595,entailment
24596,entailment
24597,contradiction
24598,neutral
24599,entailment
24600,contradiction
24601,contradiction
24602,entailment
24603,neutral
24604,entailment
24605,neutral
24606,contradiction
24607,neutral
24608,contradiction
24609,contradiction
24610,entailment
24611,contradiction
24612,neutral
24613,neutral
24614,contradiction
24615,entailment
24616,entailment
24617,neutral
24618,contradiction
24619,neutral
24620,entailment
24621,contradiction
24622,entailment
24623,entailment
24624,neutral
24625,contradiction
24626,entailment
24627,neutral
24628,neutral
24629,entailment
24630,contradiction
24631,contradiction
24632,neutral
24633,entailment
24634,contradiction
24635,entailment
24636,neutral
24637,neutral
24638,entailment
24639,neutral
24640,entailment
24641,contradiction
24642,neutral
24643,contradiction
24644,neutral
24645,entailment
24646,contradiction
24647,entailment
24648,neutral
24649,contradiction
24650,neutral
24651,entailment
24652,contradiction
24653,entailment
24654,neutral
24655,contradiction
24656,contradiction
24657,contradiction
24658,entailment
24659,neutral
24660,contradiction
24661,entailment
24662,neutral
24663,contradiction
24664,contradiction
24665,entailment
24666,neutral
24667,contradiction
24668,contradiction
24669,entailment
24670,entailment
24671,neutral
24672,neutral
24673,neutral
24674,entailment
24675,contradiction
24676,entailment
24677,contradiction
24678,neutral
24679,contradiction
24680,neutral
24681,entailment
24682,neutral
24683,contradiction
24684,entailment
24685,contradiction
24686,contradiction
24687,entailment
24688,entailment
24689,contradiction
24690,entailment
24691,neutral
24692,contradiction
24693,neutral
24694,contradiction
24695,entailment
24696,contradiction
24697,neutral
24698,contradiction
24699,entailment
24700,neutral
24701,neutral
24702,entailment
24703,entailment
24704,neutral
24705,neutral
24706,neutral
24707,neutral
24708,entailment
24709,entailment
24710,entailment
24711,contradiction
24712,contradiction
24713,entailment
24714,contradiction
24715,neutral
24716,entailment
24717,neutral
24718,neutral
24719,entailment
24720,entailment
24721,contradiction
24722,entailment
24723,neutral
24724,contradiction
24725,neutral
24726,contradiction
24727,neutral
24728,entailment
24729,neutral
24730,neutral
24731,entailment
24732,entailment
24733,neutral
24734,neutral
24735,neutral
24736,contradiction
24737,entailment
24738,entailment
24739,neutral
24740,contradiction
24741,contradiction
24742,contradiction
24743,entailment
24744,contradiction
24745,neutral
24746,entailment
24747,contradiction
24748,neutral
24749,entailment
24750,neutral
24751,contradiction
24752,entailment
24753,neutral
24754,contradiction
24755,contradiction
24756,entailment
24757,contradiction
24758,neutral
24759,entailment
24760,contradiction
24761,neutral
24762,neutral
24763,neutral
24764,contradiction
24765,entailment
24766,contradiction
24767,neutral
24768,entailment
24769,contradiction
24770,neutral
24771,entailment
24772,contradiction
24773,entailment
24774,entailment
24775,neutral
24776,contradiction
24777,neutral
24778,entailment
24779,neutral
24780,entailment
24781,contradiction
24782,neutral
24783,contradiction
24784,contradiction
24785,contradiction
24786,entailment
24787,neutral
24788,contradiction
24789,entailment
24790,neutral
24791,neutral
24792,entailment
24793,contradiction
24794,neutral
24795,entailment
24796,contradiction
24797,entailment
24798,neutral
24799,contradiction
24800,entailment
24801,contradiction
24802,entailment
24803,entailment
24804,entailment
24805,contradiction
24806,neutral
24807,contradiction
24808,contradiction
24809,contradiction
24810,neutral
24811,entailment
24812,contradiction
24813,contradiction
24814,entailment
24815,neutral
24816,contradiction
24817,entailment
24818,entailment
24819,neutral
24820,neutral
24821,neutral
24822,entailment
24823,contradiction
24824,neutral
24825,neutral
24826,neutral
24827,contradiction
24828,contradiction
24829,contradiction
24830,contradiction
24831,entailment
24832,neutral
24833,entailment
24834,neutral
24835,contradiction
24836,contradiction
24837,contradiction
24838,neutral
24839,entailment
24840,neutral
24841,contradiction
24842,contradiction
24843,entailment
24844,contradiction
24845,contradiction
24846,neutral
24847,entailment
24848,entailment
24849,neutral
24850,contradiction
24851,neutral
24852,entailment
24853,contradiction
24854,contradiction
24855,neutral
24856,entailment
24857,neutral
24858,contradiction
24859,contradiction
24860,contradiction
24861,contradiction
24862,contradiction
24863,entailment
24864,contradiction
24865,neutral
24866,contradiction
24867,neutral
24868,entailment
24869,entailment
24870,neutral
24871,contradiction
24872,entailment
24873,contradiction
24874,neutral
24875,contradiction
24876,entailment
24877,contradiction
24878,entailment
24879,contradiction
24880,entailment
24881,neutral
24882,contradiction
24883,neutral
24884,entailment
24885,contradiction
24886,contradiction
24887,neutral
24888,entailment
24889,entailment
24890,neutral
24891,contradiction
24892,entailment
24893,entailment
24894,entailment
24895,entailment
24896,contradiction
24897,neutral
24898,entailment
24899,contradiction
24900,contradiction
24901,entailment
24902,contradiction
24903,neutral
24904,entailment
24905,neutral
24906,neutral
24907,neutral
24908,entailment
24909,contradiction
24910,neutral
24911,neutral
24912,contradiction
24913,neutral
24914,entailment
24915,contradiction
24916,neutral
24917,contradiction
24918,entailment
24919,entailment
24920,contradiction
24921,neutral
24922,contradiction
24923,neutral
24924,entailment
24925,neutral
24926,entailment
24927,contradiction
24928,entailment
24929,contradiction
24930,neutral
24931,contradiction
24932,entailment
24933,neutral
24934,neutral
24935,neutral
24936,contradiction
24937,entailment
24938,contradiction
24939,neutral
24940,contradiction
24941,contradiction
24942,contradiction
24943,neutral
24944,entailment
24945,contradiction
24946,entailment
24947,contradiction
24948,contradiction
24949,neutral
24950,contradiction
24951,entailment
24952,entailment
24953,entailment
24954,contradiction
24955,neutral
24956,neutral
24957,entailment
24958,contradiction
24959,contradiction
24960,entailment
24961,entailment
24962,neutral
24963,neutral
24964,contradiction
24965,entailment
24966,contradiction
24967,entailment
24968,neutral
24969,contradiction
24970,entailment
24971,neutral
24972,contradiction
24973,contradiction
24974,neutral
24975,entailment
24976,neutral
24977,contradiction
24978,contradiction
24979,neutral
24980,contradiction
24981,neutral
24982,contradiction
24983,neutral
24984,entailment
24985,entailment
24986,contradiction
24987,neutral
24988,entailment
24989,contradiction
24990,neutral
24991,neutral
24992,contradiction
24993,entailment
24994,neutral
24995,contradiction
24996,entailment
24997,contradiction
24998,entailment
24999,neutral
